色	色の数を絞った	約 27 色 → 13 トークン	反復（同じ役割に同じ見た目）	2
色	アクセントを 1 色にした	色相 5（青、藍、紫、緑、ローズ）→ 青 1 色と、エラーの赤	孤立効果、前注意的特徴	1
色	グラデーションの文字をやめた	見出しの後半がグラデーション → 墨 1 色	データインク比（情報を運ばない飾り）、AI の癖	2
色	方眼と光の背景をやめた	固定の層 3 枚（方眼、ぼかした光 2 つ）→ 生成りの地 1 色	より少なく、しかしより良く、図と地	2
色	純粋な黒と白をやめた	→ 地 #f8f6f2、文字 #1c1b18	純粋な黒と白を避ける	3
色	コントラスト比を測って保った	→ 最低でもライト 5.07、ダーク 4.97	コントラスト比 4.5:1 以上	3
色	地を生成り、文字を墨、アクセントを青にした	暗い地に光 → 明るい地	流儀の選択	4
文字	文字サイズの段階を絞った	11 種 → 7 段	音階のような文字サイズ、ウェーバーの法則	2
文字	太さの種類を絞った	6 種（300〜900）→ 3 種（400、700、800）	反復、視覚的階層	2
文字	見出しの太さを下げ、字間を詰めた	72px・太さ 900 → 最大 68px・太さ 700・字間 -0.025em・行間 1.25	太さより詰め、見出しは詰める	3
文字	強弱の向きを直した	いちばん太い字がスローガン、いちばん細い字（300）が説明文 → 見出し 700、説明文 400	視覚的階層、対比	2
文字	同じ階層の見出しを 1 つの大きさにした	h2 が 24、30、36、48px の 4 種 → 28px の 1 種	反復、類同	2
文字	書体を 1 つにした	等幅の英字ラベルなどが混在 → LINE Seed JP だけ	反復	2
文字	見出しを文節で折り返すようにした	→ 句ごとのまとまりで改行	見出しの改行（日本語の組版）	3
文字	英字の小見出しをやめた	「OUR PRODUCT」など → 日本語のセクション名	読み手の言葉で書く、AI の癖	3
配置	左端を 1 本にそろえた	文字の左端 15 種 → 220px のセクション名と本文のグリッド	整列、連続、グリッド	2
配置	そろえ方を統一した	左ぞろえと中央ぞろえが混在 → 左ぞろえ	反復、整列	2
配置	コンテナの幅を 1 つにした	72、56、42、32rem の 4 種 → 70rem	反復、グリッド	2
配置	セクション名と見出しのベースラインをそろえた	→ ずれ 0px（全節で計測）	整列、縦のリズム	2
配置	余白を決まった単位にした	→ 8px 刻み	余白の単位（4px か 8px の倍数）	3
形	角丸の種類を絞った	8 種 → 2 種（6px、12px）	反復、角丸は 2〜3 種	3
形	箱で囲むのをやめた	囲みの箱 30 個 → 余白と細い罫線	共通領域（使いすぎると意味が薄れる）、近接	1
形	同じ形のカードの並びをやめた	サービスのカード 4 枚（色違いのアイコンつき）→ 行の一覧	孤立効果、AI の癖	1
形	ボタンの形をそろえた	ピル、小さい角丸、バッジの 3 種 → 1 種	反復、アフォーダンスとシグニファイア	2
形	影を画像だけにした	→ 製品画面の画像にだけ、薄い影を重ねる	影（薄い影を重ねる）	3
中身	製品を画面で見せた	機能説明のカード 4 枚 → 製品の画面 1 枚	見せて伝える	3
中身	代表の写真をトップに置いた	なし → 写真と名前	見せて伝える、美的ユーザビリティ効果（信頼）	3
中身	要らない要素を消した	著作権表示、電話番号の欄、テーマの切り替え、スクロールの演出、点滅するバッジ	より少なく、しかしより良く、データインク比	2
中身	並びを相談の流れに合わせた	→ こんなとき、進め方、プロダクト、代表、会社概要、お問い合わせ	（理論帳にない: 構成の順序）	-
中身	年表と掲載記事をトップから外した	トップの主役 → 経歴ページへ	視覚的階層（何を主役にするか）	2
言葉	見出しを会社固有の約束にした	「Implement Your Business. Deliver Through Code.」→「技術の話から、新しい事業をつくる。」	AI の癖（どの会社でも言えるスローガン）、読み手の言葉で書く	3
言葉	上からの言い方を直した	「その場で判断します」→「一緒に決めていきます」	（理論帳にない: 顧客の側から書く）	-
言葉	書き手の略語を直した	「動かす」「送る量（トップ）」→「JS が実行される」「トップページの転送量」	読み手の言葉で書く	3
言葉	図の見出しを結論にした	「1 リクエストの CPU 時間」→「CPU 時間は 1〜2ms 増えた」	結論から書く、見出しは結論	2
言葉	リードを価値から始めた	「作れるのか、どれだけかかるのか」→「何ができるか、どんな価値をつくれるか」	（理論帳にない: 価値から語る）	-
言葉	相談前の不安を減らした	→「まだ固まっていない話でかまいません」「初回の打ち合わせは無料」	（理論帳にない: 行動の前の不安を除く）	-
言葉	古い固有名詞と実績を控えた	着メロ、年表 → 外す	（理論帳にない: 証拠は今のものを出す）	-
言葉	硬い言葉を直した	「最初の版」→「最初のバージョン」	読み手の言葉で書く	3
細部	アイコンをロゴと同じ字形から作った	システムフォントの「TT」→ LINE Seed JP の T の輪郭と青い点	反復（サイトの外でも同じ見た目）	2
細部	点を T の横棒の下にくぐらせた	字送りどおりだと点が離れる → 一つの形にまとめる	近接、簡潔さ、見た目の重さと釣り合い	1
細部	小さいアイコンを画素に合わせて描いた	縮小でにじむ → 16、32、48px を描き直す	見た目の重さと釣り合い（数値どおりと見た目は違う）	1
細部	OGP 画像をサイトと同じ見た目にした	暗い地に光の旧デザイン → 生成りと墨、言語別	反復	2
細部	スマホでナビが欠けるのを直した	5 項目で端が切れる → 4 項目にして折り返す	アフォーダンスとシグニファイア（見えないものは使えない）、ヒックの法則	2
細部	重い描画をやめた	ぼかしの大きな層で iOS の描画が数秒遅れる → 軽い描き方	反応の速さ	3
細部	キーボードと強制カラーモードで見えるようにした	→ フォーカスの枠、枠線の実線	（理論帳にない: アクセシビリティ）	-
